disaster_id,disaster_type,location,deaths,injured,families_affected,response_team,response_time_hours,year,month,day
1,1,Aswan,20,441,10,Team A,3.9,2025,2,5
2,2,Alex,41,416,838,Team C,10.1,2024,3,1
3,2,Cairo,42,330,584,Team C,31,2023,6,11
4,2,Luxor,41,112,1428,Team B,22.7,2023,4,9
5,3,Mansoura,21,2,744,Team D,45.8,2023,4,11
6,4,Suez,47,62,200,Team C,31.5,2023,8,26
7,5,Alex,31,293,919,Team D,20.5,2025,2,2
8,5,Tanta,25,112,1849,Team B,1.7,2024,10,1
9,5,Cairo,31,241,850,Team B,32.3,2023,7,21
10,1,Mansoura,2,194,951,Team B,38.4,2023,6,13
11,2,Giza,11,492,1918,Team C,11.3,2024,6,16
12,1,Giza,38,417,1916,Team C,43.2,2024,10,22
13,4,Alex,44,23,1119,Team B,30.4,2023,4,17
14,1,Alex,50,330,42,Team D,37.7,2024,6,7
15,6,Luxor,46,145,307,Team B,9.7,2023,12,23
16,3,Tanta,8,395,1644,Team C,34.4,2023,9,24
17,2,Suez,4,349,1343,Team D,18.2,2024,10,18
18,5,Port Said,41,214,512,Team D,17.2,2024,11,13
19,6,Cairo,33,402,1715,Team C,16.1,2023,9,18
20,5,Luxor,4,264,534,Team B,15.6,2024,6,8
21,5,Suez,50,108,1510,Team B,18,2023,7,4
22,6,Port Said,13,321,701,Team C,21,2024,1,12
23,3,Tanta,38,121,426,Team C,19.5,2023,11,21
24,2,Alex,17,45,1104,Team A,45.1,2023,4,5
25,2,Tanta,33,259,320,Team C,28,2024,2,23
26,1,Mansoura,22,205,1881,Team D,12,2024,7,29
27,5,Alex,36,280,1938,Team B,41.5,2024,8,7
28,5,Ismailia,9,277,1572,Team A,41.6,2024,9,15
29,5,Ismailia,37,476,103,Team A,44.4,2023,8,10
30,1,Mansoura,4,182,351,Team D,42.2,2023,6,10
31,4,Alex,28,458,711,Team C,43.1,2023,1,9
32,1,Alex,3,295,1659,Team D,45.3,2023,12,15
33,4,Ismailia,28,381,1899,Team A,8.8,2024,6,7
34,4,Giza,7,494,101,Team C,19.6,2023,4,3
35,2,Suez,32,44,514,Team B,31.3,2023,8,3
36,5,Aswan,24,449,493,Team B,0.8,2023,7,21
37,6,Port Said,2,261,588,Team C,45.2,2023,4,14
38,5,Ismailia,42,22,1073,Team D,41.9,2023,8,17
39,2,Ismailia,19,379,1705,Team A,19,2025,2,1
40,1,Tanta,31,365,1576,Team C,38.1,2024,5,6
41,4,Suez,27,201,1766,Team C,9.3,2025,2,13
42,5,Ismailia,40,161,547,Team A,20.5,2023,9,5
43,6,Mansoura,9,50,1101,Team A,32.2,2024,1,11
44,3,Tanta,0,114,738,Team B,8.2,2023,5,1
45,5,Alex,27,332,1955,Team A,22.3,2023,6,16
46,1,Ismailia,12,462,544,Team B,35.2,2023,6,28
47,2,Cairo,48,73,1178,Team B,28.2,2023,4,20
48,3,Aswan,46,2,1988,Team C,21.7,2024,10,20
49,5,Suez,39,36,696,Team C,8.5,2024,4,1
50,1,Port Said,25,455,1045,Team B,9.9,2025,2,19
51,2,Mansoura,13,183,1395,Team A,16.7,2023,7,4
52,6,Alex,32,16,999,Team B,17.3,2025,2,14
53,6,Mansoura,13,381,975,Team A,27.8,2023,5,25
54,1,Alex,32,93,562,Team D,13.4,2023,9,28
55,3,Luxor,50,294,1464,Team C,10.3,2023,7,2
56,2,Mansoura,42,81,1310,Team C,46.9,2024,9,16
57,6,Aswan,28,414,512,Team B,24.9,2023,10,21
58,1,Tanta,38,30,471,Team B,27.7,2023,6,16
59,6,Luxor,34,147,1578,Team D,8.6,2025,2,21
60,4,Giza,33,482,1309,Team C,26.7,2024,7,22
61,1,Giza,45,147,786,Team B,15.6,2024,1,15
62,2,Giza,15,151,1145,Team C,19.2,2023,12,20
63,5,Mansoura,33,18,1362,Team D,48,2024,4,8
64,5,Cairo,36,170,1491,Team C,25.7,2025,3,11
65,2,Port Said,16,454,1850,Team A,34.1,2024,4,22
66,3,Tanta,3,103,788,Team D,26.1,2024,9,12
67,3,Ismailia,45,68,844,Team B,6.9,2023,6,11
68,2,Ismailia,15,198,391,Team C,19.5,2023,8,29
69,1,Ismailia,35,369,1823,Team A,39.4,2023,9,20
70,3,Suez,33,147,591,Team C,36.2,2023,5,23
71,6,Suez,47,445,664,Team B,2.4,2024,9,25
72,1,Cairo,7,466,680,Team C,45.3,2023,1,6
73,4,Ismailia,43,108,479,Team C,32.8,2024,9,20
74,1,Cairo,20,394,488,Team D,47.7,2024,2,14
75,4,Alex,24,119,54,Team D,46.2,2024,2,15
76,3,Luxor,36,471,1892,Team C,16.8,2023,1,17
77,5,Giza,42,227,1132,Team D,11.7,2023,1,31
78,1,Suez,44,193,124,Team B,20.7,2023,10,20
79,4,Giza,44,402,177,Team C,9.6,2024,9,9
80,2,Suez,35,447,973,Team B,38.4,2023,2,17
81,5,Luxor,21,9,579,Team D,45.1,2023,12,11
82,6,Luxor,24,398,625,Team B,14.3,2024,9,11
83,1,Luxor,32,453,1894,Team C,24.8,2023,1,4
84,3,Tanta,10,116,1154,Team B,8.7,2024,8,20
85,5,Aswan,16,435,1596,Team A,9,2024,3,8
86,5,Giza,16,473,516,Team B,43,2023,5,28
87,5,Giza,30,313,1384,Team A,16.5,2024,4,3
88,3,Tanta,31,499,1854,Team D,39.2,2023,6,20
89,6,Alex,25,187,337,Team C,8.5,2023,2,24
90,5,Ismailia,25,231,9,Team B,12.6,2023,9,21
91,5,Cairo,40,102,1385,Team C,47.9,2023,8,31
92,1,Giza,11,89,292,Team A,13.9,2023,4,13
93,2,Tanta,18,124,1360,Team A,47.7,2025,3,4
94,4,Tanta,8,313,1059,Team A,40.1,2023,10,12
95,5,Mansoura,31,247,469,Team C,35.7,2024,11,15
96,1,Suez,1,412,1615,Team A,38,2023,8,23
97,6,Port Said,44,46,1585,Team D,6.9,2023,2,22
98,4,Suez,4,220,1886,Team B,26,2023,11,15
99,3,Cairo,28,399,609,Team D,28.1,2024,4,14
100,5,Mansoura,26,471,189,Team C,34.6,2024,8,23
101,6,Ismailia,4,289,1253,Team B,5.6,2024,12,20
102,5,Tanta,39,188,717,Team C,45.2,2023,4,2
103,6,Giza,23,307,1757,Team A,39.5,2023,1,10
104,3,Alex,49,21,1817,Team D,24,2023,5,25
105,2,Cairo,25,74,1365,Team A,23.7,2025,3,4
106,6,Aswan,11,134,1451,Team B,27.6,2023,4,4
107,3,Ismailia,15,437,1401,Team C,47.8,2024,1,19
108,3,Port Said,8,356,405,Team B,12.7,2025,1,5
109,2,Luxor,34,330,149,Team A,37.1,2024,2,8
110,1,Ismailia,16,153,1529,Team A,20.5,2023,1,30
111,1,Port Said,1,236,625,Team B,26.5,2023,7,26
112,6,Cairo,50,289,704,Team A,17.3,2025,2,9
113,3,Mansoura,19,302,1675,Team C,45.9,2023,3,12
114,3,Port Said,8,181,1415,Team C,47.4,2023,8,30
115,1,Tanta,33,127,599,Team D,7.8,2023,4,9
116,2,Cairo,36,424,898,Team B,20.5,2023,5,18
117,5,Ismailia,34,32,267,Team C,37.3,2023,8,21
118,5,Giza,17,405,1003,Team C,46,2023,4,27
119,5,Luxor,37,118,1663,Team B,10.2,2024,6,12
120,4,Ismailia,6,429,2000,Team C,44.2,2023,12,17
121,1,Giza,20,175,1649,Team C,3.1,2024,3,30
122,6,Ismailia,19,194,1511,Team D,17.1,2024,11,3
123,5,Aswan,20,227,679,Team A,12.8,2025,1,5
124,4,Mansoura,0,39,1039,Team B,2.9,2023,5,18
125,3,Aswan,47,494,1945,Team A,45.3,2023,5,9
126,4,Suez,17,374,1496,Team D,28.7,2023,7,11
127,1,Mansoura,18,446,767,Team A,2.7,2024,12,13
128,6,Giza,41,3,881,Team C,15.4,2025,1,20
129,5,Luxor,37,290,1733,Team D,18.8,2023,2,22
130,1,Cairo,31,491,1529,Team B,36.2,2023,12,1
131,6,Tanta,48,318,1771,Team D,10.6,2023,10,26
132,2,Giza,16,137,1546,Team A,16.5,2023,11,6
133,4,Giza,38,84,462,Team B,47.3,2023,12,11
134,2,Cairo,11,137,632,Team C,11.1,2024,12,25
135,3,Giza,27,249,525,Team B,1.3,2023,5,22
136,2,Aswan,16,347,363,Team A,45.9,2024,4,4
137,1,Giza,28,97,1616,Team A,37.7,2024,3,19
138,3,Ismailia,5,282,215,Team B,14.2,2024,5,23
139,6,Aswan,2,70,344,Team C,37.8,2024,8,15
140,5,Giza,40,68,1491,Team A,27.5,2023,12,7
141,1,Port Said,49,333,847,Team D,37.5,2024,10,7
142,3,Aswan,48,362,314,Team D,21.2,2023,1,9
143,1,Luxor,30,14,921,Team B,34.1,2024,6,14
144,1,Cairo,8,329,146,Team A,45.3,2023,10,2
145,6,Aswan,48,170,1181,Team B,6.9,2024,7,19
146,5,Port Said,42,366,787,Team D,32.5,2024,7,23
147,6,Tanta,31,450,963,Team D,9.4,2024,1,1
148,2,Ismailia,45,229,653,Team D,10.6,2024,10,7
149,3,Port Said,19,124,1567,Team D,4.6,2023,9,4
150,6,Mansoura,9,465,1191,Team A,33.7,2023,3,29
151,4,Aswan,34,56,958,Team D,10.2,2024,4,6
152,6,Cairo,35,482,1892,Team C,34.7,2023,8,7
153,2,Cairo,17,191,114,Team A,6.3,2023,12,24
154,5,Ismailia,19,412,32,Team C,25.1,2023,1,19
155,3,Luxor,2,465,1610,Team D,40.3,2023,12,28
156,1,Ismailia,48,149,1991,Team B,3.9,2023,1,11
157,4,Cairo,0,447,1167,Team C,42.3,2023,8,27
158,2,Port Said,40,386,116,Team A,10.9,2024,9,5
159,5,Suez,22,250,1507,Team D,1.4,2024,1,28
160,1,Port Said,24,481,476,Team A,39.5,2024,9,3
161,6,Giza,38,36,377,Team C,27.7,2023,2,21
162,1,Cairo,42,403,1771,Team A,33,2024,2,25
163,3,Aswan,10,296,1228,Team A,15.3,2023,1,28
164,5,Mansoura,46,346,1835,Team D,33.9,2023,2,5
165,5,Port Said,17,49,954,Team D,27.2,2025,1,23
166,4,Cairo,41,129,1004,Team C,16.9,2024,10,12
167,1,Port Said,11,203,1817,Team B,42.2,2023,4,14
168,4,Tanta,34,307,1137,Team C,37.5,2024,9,25
169,6,Luxor,9,232,913,Team C,15.3,2025,2,14
170,6,Suez,41,58,1030,Team B,29.2,2024,10,29
171,3,Port Said,23,35,1950,Team D,10.1,2024,10,7
172,1,Luxor,37,302,1634,Team A,18.2,2024,7,30
173,1,Tanta,50,422,727,Team D,31.5,2023,5,18
174,6,Giza,39,250,333,Team B,44.7,2023,6,25
175,1,Aswan,31,160,1026,Team D,35.5,2024,8,8
176,6,Cairo,2,72,1822,Team A,18.4,2023,6,16
177,3,Port Said,50,396,1053,Team C,24.5,2023,5,28
178,5,Port Said,27,80,735,Team C,30.7,2023,6,16
179,5,Aswan,2,162,193,Team A,33.9,2023,10,12
180,2,Giza,14,335,52,Team A,4.4,2023,4,6
181,2,Alex,17,142,777,Team D,31.5,2023,6,26
182,6,Alex,16,57,186,Team D,38.8,2023,10,11
183,1,Alex,40,248,375,Team C,3.1,2023,1,25
184,4,Cairo,13,306,775,Team C,29.4,2024,9,25
185,1,Alex,44,231,1078,Team D,48,2024,8,1
186,1,Cairo,46,31,1304,Team C,43.9,2023,6,4
187,6,Suez,31,396,643,Team C,25.8,2023,4,20
188,4,Giza,34,406,167,Team C,23.3,2024,3,2
189,4,Ismailia,50,350,1301,Team C,45.6,2023,5,10
190,6,Ismailia,49,163,1159,Team C,35.8,2023,9,14
191,4,Luxor,40,347,663,Team D,46.9,2025,1,1
192,4,Suez,49,217,526,Team A,47,2025,2,18
193,6,Port Said,26,484,403,Team B,18.5,2024,5,8
194,5,Tanta,34,233,217,Team C,39.5,2025,1,11
195,4,Port Said,29,59,1690,Team A,37.6,2025,1,29
196,1,Cairo,48,242,1148,Team A,25.6,2025,1,31
197,4,Luxor,18,130,1485,Team A,5.7,2023,1,19
198,4,Cairo,37,413,100,Team D,1.2,2023,12,21
199,6,Mansoura,48,22,957,Team B,12.3,2024,11,14
200,5,Ismailia,31,405,1702,Team C,33.8,2024,12,30
201,6,Suez,37,373,1729,Team C,7.8,2023,5,17
202,2,Ismailia,16,408,1777,Team C,46.9,2025,1,18
203,6,Tanta,8,178,1470,Team C,7,2023,10,6
204,2,Ismailia,9,157,898,Team A,43.5,2023,1,2
205,4,Giza,20,465,1958,Team B,36.8,2023,11,18
206,6,Cairo,50,375,690,Team D,41.5,2024,1,6
207,3,Mansoura,22,242,1261,Team C,35.2,2023,9,1
208,5,Ismailia,18,332,1710,Team A,42.9,2023,8,1
209,5,Luxor,30,85,1536,Team A,19.7,2023,12,27
210,3,Aswan,37,378,201,Team C,25.7,2024,2,23
211,6,Giza,22,308,1429,Team D,22.2,2024,5,27
212,5,Cairo,0,43,594,Team A,20.9,2024,12,20
213,3,Tanta,23,325,1047,Team A,24.7,2024,3,4
214,3,Giza,8,2,1636,Team A,42.2,2023,11,16
215,5,Port Said,39,449,1427,Team A,11.7,2023,5,27
216,1,Giza,23,384,739,Team D,35,2024,6,27
217,5,Mansoura,22,191,1419,Team B,45.2,2023,11,5
218,1,Alex,27,132,1503,Team A,4,2023,12,28
219,2,Suez,9,486,1112,Team D,2.8,2023,8,1
220,4,Mansoura,11,128,794,Team A,31.4,2024,5,21
221,2,Mansoura,45,324,631,Team A,24.6,2024,11,27
222,4,Suez,35,137,1354,Team A,18.5,2023,9,8
223,2,Luxor,41,129,1940,Team D,31.5,2024,11,6
224,5,Port Said,20,268,808,Team D,18.2,2025,1,19
225,2,Mansoura,15,65,1767,Team C,39.9,2023,9,1
226,1,Suez,39,343,1162,Team A,35.7,2024,2,25
227,4,Mansoura,34,405,1433,Team C,7.5,2023,3,8
228,1,Alex,20,94,1886,Team D,17.4,2025,1,31
229,2,Aswan,45,356,1514,Team C,26.7,2023,8,28
230,2,Giza,12,495,1803,Team B,42,2023,4,13
231,1,Giza,44,129,1913,Team A,25.5,2023,9,27
232,4,Alex,1,159,477,Team C,34,2023,4,17
233,6,Giza,23,228,1738,Team C,14.3,2024,11,8
234,3,Suez,26,207,229,Team D,35.5,2023,11,26
235,1,Luxor,17,198,1664,Team D,14.8,2023,9,12
236,6,Aswan,10,122,1811,Team C,43.8,2023,9,1
237,3,Mansoura,47,488,807,Team D,42.5,2024,11,29
238,2,Mansoura,50,76,1500,Team D,15.1,2024,1,12
239,6,Aswan,2,216,1359,Team C,7.2,2024,5,8
240,6,Tanta,39,169,1117,Team D,46.4,2025,2,27
241,1,Aswan,50,435,1829,Team D,14.8,2024,8,24
242,6,Luxor,31,376,1594,Team A,32.7,2023,1,10
243,1,Luxor,10,432,1109,Team B,24.7,2024,1,27
244,3,Suez,31,450,1319,Team A,28.6,2024,8,20
245,3,Alex,7,124,311,Team D,25.9,2023,12,3
246,5,Mansoura,49,65,1292,Team C,40.9,2023,6,10
247,1,Port Said,9,354,1875,Team B,6.9,2024,5,6
248,4,Ismailia,24,49,514,Team B,10,2024,8,31
249,4,Suez,37,57,86,Team B,23.8,2023,7,22
250,5,Luxor,26,25,332,Team A,41.5,2024,12,12
251,3,Port Said,24,111,116,Team D,13.5,2024,1,29
252,6,Alex,48,86,1328,Team B,23.7,2023,12,11
253,5,Giza,12,146,1475,Team A,15,2024,6,27
254,4,Mansoura,26,20,784,Team A,3.4,2023,5,10
255,3,Alex,24,67,1990,Team C,33.1,2023,11,21
256,3,Tanta,10,224,1760,Team A,29.2,2025,1,6
257,2,Suez,40,77,1081,Team D,4.5,2024,1,10
258,3,Aswan,1,311,672,Team D,8.5,2024,4,28
259,4,Mansoura,22,2,905,Team A,39.9,2024,6,28
260,6,Mansoura,22,169,346,Team B,43.8,2023,2,21
261,5,Port Said,42,201,1284,Team D,24.3,2023,8,31
262,2,Alex,50,329,1242,Team A,7.3,2024,5,29
263,5,Aswan,31,471,733,Team D,16.2,2024,9,7
264,4,Cairo,42,381,104,Team B,36.9,2023,10,23
265,2,Cairo,31,173,1120,Team A,29.5,2023,8,31
266,5,Luxor,49,296,48,Team D,14.6,2023,3,12
267,3,Cairo,44,23,769,Team A,22.7,2023,8,18
268,1,Suez,29,343,537,Team C,23.9,2023,7,7
269,3,Alex,6,317,873,Team A,33.5,2023,3,9
270,3,Alex,8,157,991,Team B,26.5,2023,7,7
271,5,Port Said,4,37,1924,Team D,31.7,2024,4,11
272,5,Cairo,9,341,1671,Team C,27.4,2023,12,27
273,4,Ismailia,26,227,1071,Team C,22.5,2024,1,14
274,5,Luxor,30,299,178,Team C,20.8,2024,12,13
275,2,Luxor,21,430,1924,Team A,44.6,2024,8,14
276,3,Alex,6,464,1670,Team C,3.6,2024,9,6
277,1,Tanta,9,293,855,Team B,31.8,2024,6,9
278,4,Tanta,18,241,1121,Team C,35.4,2023,5,10
279,2,Ismailia,9,182,276,Team B,6,2024,6,15
280,3,Aswan,41,360,91,Team C,20.1,2024,7,21
281,5,Ismailia,23,270,1194,Team C,22.7,2024,6,18
282,5,Luxor,14,486,1287,Team D,15.5,2023,2,26
283,3,Port Said,10,231,1929,Team B,46,2024,12,24
284,3,Giza,36,253,1118,Team B,23.9,2024,9,1
285,2,Tanta,20,385,1969,Team A,2.2,2023,12,2
286,4,Ismailia,19,61,412,Team A,7.2,2024,2,18
287,4,Aswan,2,316,189,Team C,34.4,2025,2,28
288,1,Aswan,45,396,419,Team B,9.2,2023,3,24
289,6,Giza,48,492,1663,Team C,39.2,2023,7,31
290,5,Suez,48,466,594,Team C,13.1,2024,2,15
291,2,Alex,23,360,1996,Team C,18.8,2025,2,26
292,1,Alex,19,275,724,Team C,23.7,2024,9,13
293,4,Port Said,44,170,1436,Team C,8.6,2023,4,3
294,4,Alex,20,67,775,Team D,46.4,2023,9,29
295,5,Cairo,18,164,238,Team D,18.1,2025,2,21
296,1,Ismailia,16,227,109,Team D,35.4,2023,7,26
297,4,Aswan,41,412,1842,Team C,42.7,2024,12,24
298,1,Tanta,31,43,995,Team A,30.3,2024,6,28
299,3,Alex,16,436,1285,Team C,1.4,2023,3,9
300,3,Ismailia,10,132,264,Team D,27.5,2024,10,2
301,3,Cairo,44,12,555,Team C,19.4,2024,10,16
302,5,Cairo,27,422,1846,Team B,42.7,2023,1,26
303,4,Port Said,4,442,1637,Team D,36.1,2023,5,1
304,6,Aswan,37,304,10,Team C,16.2,2023,9,27
305,5,Mansoura,43,293,962,Team B,47.6,2023,12,6
306,6,Giza,34,7,118,Team B,40.5,2024,6,15
307,5,Suez,30,201,499,Team C,27.9,2024,12,2
308,2,Luxor,0,351,841,Team D,31.6,2023,4,4
309,2,Cairo,49,314,1670,Team A,24.6,2024,6,14
310,2,Suez,3,444,1310,Team C,32.9,2023,4,13
311,4,Luxor,23,271,1897,Team D,26.1,2023,7,30
312,4,Ismailia,11,121,47,Team C,13.7,2024,4,11
313,2,Mansoura,20,174,722,Team B,46.8,2025,1,4
314,2,Port Said,2,111,1576,Team D,10.2,2024,6,26
315,2,Port Said,12,189,274,Team A,37.8,2024,12,2
316,1,Luxor,50,475,664,Team D,40.7,2023,8,25
317,3,Port Said,45,210,22,Team D,13.9,2023,10,20
318,4,Ismailia,44,465,1242,Team C,24.1,2023,2,8
319,1,Port Said,8,62,1766,Team A,24.6,2024,4,22
320,3,Luxor,27,435,578,Team A,46.4,2024,11,3
321,1,Port Said,2,361,323,Team C,47,2023,11,15
322,2,Luxor,45,40,666,Team C,9.7,2023,10,11
323,5,Alex,18,80,412,Team C,22.6,2023,11,15
324,6,Giza,48,59,1826,Team B,9.8,2024,6,24
325,6,Mansoura,46,87,1173,Team A,47,2024,6,7
326,1,Port Said,35,177,245,Team B,32,2023,9,15
327,1,Mansoura,48,471,1204,Team D,33.5,2023,2,10
328,5,Cairo,11,171,814,Team B,12.6,2023,4,5
329,3,Tanta,3,484,1880,Team C,32.8,2024,6,20
330,3,Ismailia,38,125,55,Team D,12.9,2024,8,20
331,3,Giza,10,278,350,Team B,30.6,2024,9,13
332,5,Luxor,45,321,1888,Team D,40.6,2023,3,18
333,5,Port Said,47,480,945,Team C,27.6,2023,5,8
334,3,Port Said,40,132,1489,Team B,25.6,2023,11,5
335,5,Ismailia,23,57,1231,Team D,40.9,2023,9,25
336,3,Alex,14,29,1738,Team C,19.8,2024,3,21
337,6,Ismailia,0,246,1493,Team A,42.8,2024,11,7
338,1,Mansoura,49,129,1244,Team A,32.9,2024,2,23
339,6,Giza,4,447,1076,Team C,6.5,2024,3,17
340,5,Cairo,10,195,42,Team B,30.7,2024,9,12
341,6,Luxor,30,384,935,Team A,41.8,2023,11,7
342,6,Tanta,26,364,458,Team C,27.2,2024,1,12
343,4,Giza,6,162,658,Team B,6.1,2023,11,13
344,5,Luxor,46,459,1457,Team A,28.4,2024,11,19
345,1,Port Said,3,208,362,Team C,6,2023,7,24
346,1,Tanta,21,311,78,Team D,5.6,2023,10,25
347,1,Giza,44,252,1674,Team B,46.6,2024,1,21
348,3,Port Said,1,486,612,Team A,4.8,2023,5,6
349,4,Ismailia,5,91,1425,Team C,12.5,2023,9,17
350,3,Alex,45,147,1216,Team A,25.6,2023,7,28
351,3,Mansoura,29,10,1935,Team A,33.3,2024,9,9
352,1,Suez,42,134,412,Team B,27.8,2023,10,2
353,6,Port Said,9,482,1028,Team C,11.6,2025,1,2
354,6,Suez,43,411,257,Team C,28.4,2024,2,8
355,4,Alex,40,102,512,Team B,40.5,2024,11,4
356,4,Mansoura,27,141,1749,Team D,29.5,2023,9,7
357,2,Suez,12,467,1023,Team B,14.6,2024,4,28
358,5,Luxor,43,292,1999,Team B,43.8,2023,7,27
359,1,Luxor,47,140,1122,Team A,2.2,2024,12,9
360,3,Mansoura,42,117,985,Team A,25.3,2024,7,25
361,1,Ismailia,19,473,1266,Team A,8.5,2024,6,19
362,6,Giza,5,74,238,Team D,17.2,2024,10,5
363,6,Port Said,0,404,1625,Team C,21.8,2024,7,3
364,5,Ismailia,32,255,538,Team B,43.4,2023,2,27
365,3,Port Said,3,448,823,Team D,46.3,2024,6,3
366,1,Mansoura,21,80,642,Team C,44.4,2024,4,6
367,1,Alex,0,396,183,Team A,6.3,2023,12,24
368,1,Giza,29,333,847,Team A,34.3,2023,7,25
369,1,Alex,39,214,668,Team A,5,2023,2,22
370,2,Cairo,10,268,1195,Team C,40.7,2024,12,19
371,4,Port Said,4,63,623,Team D,28.5,2024,3,19
372,6,Aswan,32,309,1177,Team A,30.9,2024,3,22
373,1,Suez,13,284,1214,Team C,38.9,2023,8,18
374,2,Suez,47,291,696,Team B,42,2023,9,3
375,5,Luxor,13,435,1565,Team A,36.2,2024,10,10
376,2,Ismailia,8,308,926,Team A,38.2,2023,6,28
377,1,Aswan,4,121,1766,Team D,34.2,2023,3,9
378,4,Port Said,13,122,960,Team A,14.9,2025,2,9
379,2,Giza,16,422,1467,Team B,13.3,2023,7,30
380,5,Giza,9,284,303,Team B,3.3,2024,2,18
381,6,Luxor,6,108,1255,Team D,7.8,2024,12,29
382,1,Suez,21,289,830,Team B,22,2023,11,27
383,5,Alex,28,371,1499,Team B,41.3,2023,7,1
384,1,Mansoura,26,176,882,Team D,39.2,2023,8,2
385,1,Aswan,39,236,561,Team D,29.4,2023,7,15
386,2,Port Said,22,164,175,Team D,33.4,2023,3,31
387,1,Aswan,9,447,1279,Team C,1.3,2024,5,21
388,1,Alex,5,365,1347,Team A,32.6,2024,4,16
389,1,Luxor,15,450,1545,Team A,13.7,2024,11,30
390,5,Suez,3,66,1645,Team A,21.5,2024,1,15
391,6,Luxor,35,181,1817,Team C,23.5,2024,7,27
392,2,Tanta,11,394,1199,Team C,19.6,2023,7,30
393,5,Tanta,17,403,1772,Team C,34.1,2024,2,18
394,1,Cairo,10,351,1683,Team B,5.5,2024,4,2
395,4,Tanta,33,46,466,Team D,45.4,2024,9,1
396,6,Luxor,13,444,75,Team B,47.9,2023,10,9
397,2,Ismailia,28,49,1480,Team D,43.8,2024,7,4
398,4,Luxor,41,433,1407,Team C,16.2,2023,10,30
399,4,Port Said,24,15,325,Team B,37.1,2024,10,9
400,1,Aswan,48,234,744,Team B,36.7,2024,8,18
401,6,Cairo,18,157,309,Team C,19.8,2025,2,17
402,2,Aswan,48,452,1987,Team A,16.8,2023,9,12
403,6,Alex,5,189,1009,Team A,20,2023,12,19
404,6,Giza,3,424,604,Team D,12.4,2023,5,19
405,1,Luxor,30,495,1783,Team A,25.2,2025,1,21
406,2,Cairo,31,355,579,Team A,37.3,2025,1,29
407,3,Cairo,37,323,1935,Team A,6.2,2024,8,18
408,3,Tanta,13,227,23,Team A,17.4,2024,9,29
409,4,Alex,16,421,911,Team A,34.4,2023,8,1
410,1,Tanta,45,300,151,Team C,6.7,2023,3,30
411,5,Alex,23,299,647,Team C,9.4,2023,11,17
412,5,Ismailia,34,49,509,Team B,38.5,2023,6,7
413,3,Tanta,28,302,1434,Team A,31.1,2023,1,31
414,3,Cairo,23,349,847,Team B,46.3,2024,11,4
415,1,Mansoura,35,389,1681,Team D,47.4,2023,3,18
416,4,Alex,8,449,1788,Team D,44.1,2024,10,28
417,6,Ismailia,13,221,1143,Team D,40.9,2023,4,24
418,3,Tanta,37,372,1427,Team A,1,2024,12,19
419,1,Giza,2,8,1696,Team B,12.3,2024,6,11
420,1,Alex,27,465,826,Team B,18,2024,4,14
421,5,Aswan,44,265,885,Team D,12.7,2024,3,17
422,6,Mansoura,9,256,1430,Team D,24.8,2024,11,30
423,4,Tanta,28,381,395,Team C,14.7,2023,7,12
424,5,Port Said,15,289,1919,Team B,4.2,2023,11,29
425,1,Port Said,1,109,733,Team C,19.7,2023,6,26
426,2,Mansoura,40,44,108,Team A,43.1,2023,2,9
427,5,Cairo,48,206,398,Team B,16.1,2023,12,8
428,4,Giza,28,41,1353,Team D,2.9,2023,4,8
429,3,Luxor,37,111,1974,Team A,8.7,2023,10,21
430,4,Mansoura,2,419,1286,Team D,23.1,2023,1,10
431,1,Aswan,40,13,101,Team D,30.4,2023,7,20
432,6,Mansoura,41,251,229,Team A,38.1,2024,12,8
433,6,Tanta,33,262,877,Team A,17.2,2025,1,21
434,6,Ismailia,4,369,358,Team B,12.5,2024,7,31
435,3,Giza,0,54,362,Team C,12.6,2023,12,19
436,2,Port Said,27,45,128,Team D,43.9,2023,12,29
437,3,Suez,16,168,664,Team C,16.3,2023,8,24
438,2,Luxor,6,490,1655,Team C,20.4,2023,9,8
439,1,Cairo,20,302,646,Team D,15.6,2023,1,5
440,4,Cairo,28,153,1466,Team A,10.5,2023,3,16
441,1,Aswan,44,82,1491,Team D,47.4,2025,2,16
442,5,Aswan,7,185,1974,Team D,33.8,2024,12,21
443,4,Cairo,16,315,307,Team D,32.4,2023,2,28
444,4,Mansoura,21,227,373,Team A,41.4,2024,1,9
445,5,Ismailia,1,241,1336,Team B,28.7,2024,5,11
446,3,Aswan,8,115,182,Team A,41.8,2024,8,7
447,4,Luxor,7,307,1950,Team D,23.8,2023,3,23
448,1,Tanta,16,12,627,Team A,14,2024,5,23
449,5,Aswan,41,274,801,Team A,9.7,2024,7,6
450,1,Suez,13,42,1489,Team B,33.1,2024,10,22
451,5,Port Said,45,451,1955,Team D,8.6,2023,10,14
452,4,Aswan,38,239,1186,Team B,14.8,2023,5,21
453,4,Cairo,30,82,1341,Team B,26.5,2024,8,14
454,3,Ismailia,39,387,1401,Team D,7.7,2024,10,27
455,4,Suez,22,274,857,Team D,18.5,2024,6,11
456,1,Ismailia,31,283,1847,Team D,27.6,2023,2,12
457,6,Aswan,10,109,715,Team D,41.4,2025,1,29
458,4,Tanta,48,319,1467,Team C,35.9,2024,6,18
459,2,Alex,9,140,536,Team A,30.3,2024,1,17
460,6,Cairo,48,43,582,Team B,34.1,2024,7,31
461,1,Aswan,35,178,1597,Team C,20,2023,11,30
462,4,Tanta,2,410,579,Team A,40.7,2023,6,10
463,4,Suez,13,115,1897,Team C,9.3,2023,12,8
464,4,Mansoura,47,451,497,Team D,46.5,2024,7,10
465,6,Aswan,32,112,851,Team A,47,2024,7,5
466,4,Tanta,1,394,77,Team D,23.1,2023,9,8
467,6,Suez,10,326,1500,Team C,20.5,2023,9,29
468,5,Port Said,40,175,1287,Team A,28.6,2023,2,6
469,4,Giza,12,164,43,Team A,27.9,2024,11,29
470,4,Giza,4,182,956,Team C,10.1,2023,8,27
471,4,Suez,6,53,640,Team B,27.9,2023,12,26
472,2,Tanta,46,280,723,Team C,43.4,2023,7,7
473,5,Giza,30,413,1171,Team B,40.7,2024,6,10
474,3,Mansoura,12,53,1518,Team A,16.5,2024,10,30
475,1,Port Said,30,220,1760,Team C,22.7,2024,5,21
476,3,Giza,10,80,1145,Team D,18.6,2024,8,11
477,5,Luxor,47,346,1339,Team A,44.2,2023,10,1
478,5,Mansoura,48,60,555,Team A,3.4,2023,10,3
479,5,Luxor,36,439,993,Team A,6.6,2024,11,22
480,2,Ismailia,36,495,814,Team A,0.7,2024,6,5
481,4,Cairo,20,58,52,Team D,10.8,2024,3,25
482,1,Port Said,6,83,1590,Team B,30.2,2023,12,6
483,1,Aswan,16,5,1228,Team B,14.5,2023,6,21
484,5,Giza,7,342,889,Team A,19.2,2023,5,22
485,2,Luxor,7,497,1383,Team D,0.9,2024,5,27
486,2,Aswan,7,143,1235,Team C,7.5,2023,5,29
487,5,Giza,17,434,1090,Team A,29.1,2024,6,23
488,1,Giza,11,285,226,Team D,29.9,2023,12,23
489,2,Suez,44,83,314,Team C,44.6,2023,3,11
490,2,Tanta,42,259,1317,Team C,41.4,2023,1,10
491,1,Port Said,44,319,185,Team D,45.9,2023,11,16
492,2,Giza,7,52,1510,Team C,38.7,2024,11,25
493,3,Mansoura,30,105,639,Team D,34.3,2023,12,21
494,4,Luxor,26,455,749,Team D,4.4,2025,1,6
495,2,Luxor,40,487,1330,Team B,29.3,2024,10,13
496,2,Port Said,29,500,1846,Team B,29.3,2025,1,9
497,2,Tanta,24,12,1517,Team B,30.4,2024,1,17
498,6,Tanta,34,358,36,Team D,19.8,2023,3,17
499,4,Mansoura,28,366,543,Team D,8.1,2024,11,14
500,2,Port Said,7,241,501,Team D,33.1,2025,1,11
